college_code,Institute Name,Region,District,Status,Autonomy Status,Minority Status,Home University
1005,"Sant Gadge Baba Amravati University,Amravati",Amravati,Amravati,University Department,Non-Autonomous,Non-Minority,Sant Gadge Baba Amravati University
1107,"P. R. Pote Patil College of Engineering & Management, Amravati",Amravati,Amravati,Un-Aided,Autonomous,Non-Minority,Sant Gadge Baba Amravati University
1101,"Shri Sant Gajanan Maharaj College of Engineering,Shegaon",Amravati,Buldhana,Un-Aided,Non-Autonomous,Non-Minority,Sant Gadge Baba Amravati University
1002,"Government College of Engineering, Amravati",Amravati,Amravati,Government,Autonomous,Non-Minority,Sant Gadge Baba Amravati University
1116,"Shri Shivaji Education Society's College of Engineering and Technology, Akola",Amravati,Akola,Un-Aided,Non-Autonomous,Non-Minority,Sant Gadge Baba Amravati University
1117,"Janata Shikshan Prasarak Mandals Babasaheb Naik College Of Engineering, Pusad",Amravati,Yavatmal,Un-Aided,Non-Autonomous,Non-Minority,Sant Gadge Baba Amravati University
1114,"Sipna Shikshan Prasarak Mandal College of Engineering & Technology, Amravati",Amravati,Amravati,Un-Aided,Autonomous,Non-Minority,Sant Gadge Baba Amravati University
1105,"Prof. Ram Meghe Institute of Technology & Research, Amravati",Amravati,Amravati,Un-Aided,Autonomous,Non-Minority,Sant Gadge Baba Amravati University
1119,"Paramhansa Ramkrishna Maunibaba Shikshan Santha's , Anuradha Engineering College, Chikhali",Amravati,Buldhana,Un-Aided,Non-Autonomous,Non-Minority,Sant Gadge Baba Amravati University
1012,"Government College of Engineering,Yavatmal",Amravati,Yavatmal,Government,Non-Autonomous,Non-Minority,"Dr. Babasaheb Ambedkar Technological University,Lonere"
1180,"Sanmati Engineering College, Sawargaon Barde, Washim",Amravati,Washim,Un-Aided,Non-Autonomous,Non-Minority,Sant Gadge Baba Amravati University
1125,"Dwarka Bahu Uddeshiya Gramin Vikas Foundation, Rajarshi Shahu College of Engineering, Buldhana",Amravati,Buldhana,Un-Aided,Non-Autonomous,Non-Minority,Sant Gadge Baba Amravati University
1127,"Jagadambha Bahuuddeshiya Gramin Vikas Sanstha's Jagdambha College of Engineering and Technology, Yavatmal",Amravati,Yavatmal,Un-Aided,Autonomous,Non-Minority,Sant Gadge Baba Amravati University
1130,"Vision Buldhana Educational & Welfare Society's Pankaj Laddhad Institute of Technology & Management Studies, Yelgaon",Amravati,Buldhana,Un-Aided,Non-Autonomous,Non-Minority,Sant Gadge Baba Amravati University
1123,"Dr.Rajendra Gode Institute of Technology & Research, Amravati",Amravati,Amravati,Un-Aided,Non-Autonomous,Non-Minority,Sant Gadge Baba Amravati University
1126,"Takshashila Institute of Engineering & Technology, Darapur, Amravati",Amravati,Amravati,Un-Aided,Non-Autonomous,Non-Minority,Sant Gadge Baba Amravati University
1128,"Prof Ram Meghe College of Engineering  and Management, Badnera",Amravati,Amravati,Un-Aided,Non-Autonomous,Non-Minority,Sant Gadge Baba Amravati University
1182,"Padmashri Dr. V.B.  Kolte College of Engineering, Malkapur, Buldhana",Amravati,Buldhana,Un-Aided,Non-Autonomous,Non-Minority,Sant Gadge Baba Amravati University
1120,"Jawaharlal Darda Institute of Engineering and Technology, Yavatmal",Amravati,Yavatmal,Un-Aided,Non-Autonomous,Linguistic Minority - Hindi,Sant Gadge Baba Amravati University
1121,"Shri Hanuman Vyayam  Prasarak Mandals College of Engineering & Technology, Amravati",Amravati,Amravati,Un-Aided,Non-Autonomous,Non-Minority,Sant Gadge Baba Amravati University
1265,"Mauli Group of Institutions, College of Engineering and Technology, Shegaon.",Amravati,Buldhana,Un-Aided,Non-Autonomous,Non-Minority,Sant Gadge Baba Amravati University
1276,"Manav School of Engineering & Technology, Gut No. 1035 Nagpur Surat Highway, NH No. 6 Tal.Vyala, Balapur, Akola,  444302",Amravati,Akola,Un-Aided,Non-Autonomous,Non-Minority,Sant Gadge Baba Amravati University
2021,"University Department of Chemical Technology, Aurangabad",Aurangabad,Chhatrapati Sambhajinagar,University Department,Non-Autonomous,Non-Minority,Dr. Babasaheb Ambedkar Marathwada University
2113,"G. S. Mandal's Maharashtra Institute of Technology, Aurangabad",Aurangabad,Chhatrapati Sambhajinagar,Un-Aided,Autonomous,Non-Minority,Dr. Babasaheb Ambedkar Marathwada University
2008,"Government College of Engineering,  Chhatrapati Sambhajinagar",Aurangabad,Chhatrapati Sambhajinagar,Government,Autonomous,Non-Minority,Dr. Babasaheb Ambedkar Marathwada University
1268,"Siddhivinayak Technical Campus, School of Engineering & Research Technology, Shirasgon, Nile",Amravati,Buldhana,Un-Aided,Non-Autonomous,Non-Minority,Sant Gadge Baba Amravati University
2112,"Shree Yash Pratishthan, Shreeyash College of Engineering and Technology, Aurangabad",Aurangabad,Chhatrapati Sambhajinagar,Un-Aided,Non-Autonomous,Non-Minority,"Dr. Babasaheb Ambedkar Technological University,Lonere"
2111,"Everest Education Society, Group of Institutions (Integrated Campus), Ohar",Aurangabad,Chhatrapati Sambhajinagar,Un-Aided,Non-Autonomous,Religious Minority - Muslim,"Dr. Babasaheb Ambedkar Technological University,Lonere"
2032,"Institute of Chemical Technology, Mumbai Marathwada off campus, Jalna",Aurangabad,Jalna,University Managed,Autonomous,Non-Minority,Deemed to be University
2020,"Shri Guru Gobind Singhji Institute of Engineering and Technology, Nanded",Aurangabad,Nanded,Government-Aided,Autonomous,Non-Minority,"Swami Ramanand Teerth Marathwada University, Nanded"
2136,"Aditya Engineering College , Beed",Aurangabad,Beed,Un-Aided,Non-Autonomous,Non-Minority,"Dr. Babasaheb Ambedkar Technological University,Lonere"
2133,"Mahatma Basaweshwar Education Society's College of Engineering, Ambejogai",Aurangabad,Beed,Un-Aided,Non-Autonomous,Non-Minority,"Dr. Babasaheb Ambedkar Technological University,Lonere"
2129,"M.S. Bidve Engineering College, Latur",Aurangabad,Latur,Un-Aided,Non-Autonomous,Non-Minority,"Dr. Babasaheb Ambedkar Technological University,Lonere"
2114,"Deogiri Institute of Engineering and Management Studies, Aurangabad",Aurangabad,Chhatrapati Sambhajinagar,Un-Aided,Non-Autonomous,Non-Minority,"Dr. Babasaheb Ambedkar Technological University,Lonere"
2130,"Terna Public Charitable Trust's College of Engineering, Osmanabad",Aurangabad,Dharashiv,Un-Aided,Non-Autonomous,Non-Minority,"Dr. Babasaheb Ambedkar Technological University,Lonere"
2116,"Matoshri Pratishan's Group of Institutions (Integrated Campus), Kupsarwadi , Nanded",Aurangabad,Nanded,Un-Aided,Non-Autonomous,Non-Minority,"Dr. Babasaheb Ambedkar Technological University,Lonere"
2134,"Peoples Education Society's College of Engineering, Aurangabad",Aurangabad,Chhatrapati Sambhajinagar,Un-Aided,Non-Autonomous,Non-Minority,"Dr. Babasaheb Ambedkar Technological University,Lonere"
2135,"Hi-Tech Institute of Technology, Aurangabad",Aurangabad,Chhatrapati Sambhajinagar,Un-Aided,Non-Autonomous,Non-Minority,"Dr. Babasaheb Ambedkar Technological University,Lonere"
2127,"Mahatma Gandhi Missions College of Engineering, Hingoli Rd, Nanded.",Aurangabad,Nanded,Un-Aided,Non-Autonomous,Non-Minority,"Dr. Babasaheb Ambedkar Technological University,Lonere"
2131,"Shree Tuljabhavani College of Engineering, Tuljapur",Aurangabad,Dharashiv,Un-Aided,Non-Autonomous,Non-Minority,"Dr. Babasaheb Ambedkar Technological University,Lonere"
2137,"Nagnathappa Halge Engineering  College, Parli, Beed",Aurangabad,Beed,Un-Aided,Non-Autonomous,Non-Minority,Dr. Babasaheb Ambedkar Marathwada University
2250,"Aurangabad College of Engineering,  Naygaon Savangi, Aurangabad",Aurangabad,Chhatrapati Sambhajinagar,Un-Aided,Non-Autonomous,Non-Minority,"Dr. Babasaheb Ambedkar Technological University,Lonere"
2282,"Aditya Education Trust's Mitthulalji Sarada Polytechnic, Nalwandi Road, Beed",Aurangabad,Beed,Un-Aided,Non-Autonomous,Non-Minority,"Dr. Babasaheb Ambedkar Technological University,Lonere"
2508,GRAMIN TECHNICAL AND MANAGEMENT CAMPUS NANDED.,Aurangabad,Nanded,Un-Aided,Non-Autonomous,Non-Minority,"Dr. Babasaheb Ambedkar Technological University,Lonere"
2252,"Marathwada Shikshan Prasarak Mandal's Shri Shivaji Institute of Engineering and Management Studies, Parbhani",Aurangabad,Parbhani,Un-Aided,Non-Autonomous,Non-Minority,"Dr. Babasaheb Ambedkar Technological University,Lonere"
2146,"Adarsh Shikshan Prasarak Mandal's K. T. Patil College of Engineering and Technology, Osmanabad",Aurangabad,Dharashiv,Un-Aided,Non-Autonomous,Non-Minority,Dr. Babasaheb Ambedkar Marathwada University
2138,"Matsyodari Shikshan Sansatha's College of Engineering and Technology, Jalna",Aurangabad,Jalna,Un-Aided,Non-Autonomous,Non-Minority,"Dr. Babasaheb Ambedkar Technological University,Lonere"
2254,"Vilasrao Deshmukh Foundation Group of Institutions, Latur",Aurangabad,Latur,Un-Aided,Non-Autonomous,Non-Minority,"Dr. Babasaheb Ambedkar Technological University,Lonere"
2516,International Centre Of Excellence In Engineering  and Management (ICEEM),Aurangabad,Chhatrapati Sambhajinagar,Un-Aided,Non-Autonomous,Non-Minority,Dr. Babasaheb Ambedkar Marathwada University
2522,"STMEI's Sandipani Technical Campus-Faculty of Engineering, Latur.",Aurangabad,Latur,Un-Aided,Non-Autonomous,Non-Minority,"Dr. Babasaheb Ambedkar Technological University,Lonere"
2533,"CSMSS Chh. Shahu College of Engineering, Aurangabad",Aurangabad,Chhatrapati Sambhajinagar,Un-Aided,Non-Autonomous,Non-Minority,"Dr. Babasaheb Ambedkar Technological University,Lonere"
3014,"Sardar Patel College of Engineering, Andheri",Mumbai,Mumbai Suburban,Government-Aided,Autonomous,Non-Minority,Mumbai University
2666,Mangaldeep College of Engineering,Aurangabad,Chhatrapati Sambhajinagar,Un-Aided,Non-Autonomous,Non-Minority,Dr. Babasaheb Ambedkar Marathwada University
2637,"Jijau Institute of Engineering Technology and Management, Khandgaon (Bendri), Taluka Naigaon, District Nanded",Aurangabad,Nanded,Un-Aided,Non-Autonomous,Non-Minority,"Dr. Babasaheb Ambedkar Technological University,Lonere"
3033,"Dr. Babasaheb Ambedkar Technological University, Lonere",Mumbai,Raigad,University,Non-Autonomous,Non-Minority,"Dr. Babasaheb Ambedkar Technological University,Lonere"
2641,Dr. V.K. Patil College of Engineering & Technology,Aurangabad,Dharashiv,Un-Aided,Non-Autonomous,Non-Minority,"Dr. Babasaheb Ambedkar Technological University,Lonere"
3025,Svkm's Shri Bhagubhai Mafatlal Polytechnic & College of Engineering,Mumbai,Mumbai City,Government-Aided,Autonomous,Linguistic Minority - Gujarathi,"Dr. Babasaheb Ambedkar Technological University,Lonere"
3036,"Institute of Chemical Technology, Matunga, Mumbai",Mumbai,Mumbai City,Deemed University,Autonomous,Non-Minority,Deemed to be University
3012,"Veermata Jijabai Technological Institute(VJTI), Matunga, Mumbai",Mumbai,Mumbai City,Government-Aided,Autonomous,Non-Minority,Mumbai University
3035,"Usha Mittal Institute of Technology SNDT  Women's University, Mumbai",Mumbai,Mumbai Suburban,University Managed (Un-Aided),Non-Autonomous,Non-Minority,SNDT Women's University
3042,"Loknete Shamrao Peje Government College of Engineering, Ratnagiri",Mumbai,Ratnagiri,Government,Non-Autonomous,Non-Minority,"Dr. Babasaheb Ambedkar Technological University,Lonere"
3143,"Thakur Shyamnarayan Engineering College, Mumbai",Mumbai,Mumbai Suburban,Un-Aided,Non-Autonomous,Linguistic Minority - Hindi,Mumbai University
3139,"Vidyalankar Institute of Technology,Wadala, Mumbai",Mumbai,Mumbai City,Un-Aided,Autonomous,Non-Minority,Mumbai University
3148,"Mahavir Education Trust's Shah & Anchor Kutchhi Engineering College, Mumbai",Mumbai,Mumbai Suburban,Un-Aided,Autonomous,Linguistic Minority - Gujarathi(Jain),Mumbai University
3146,"Jawahar Education Society's Annasaheb Chudaman Patil College of Engineering,Kharghar, Navi Mumbai",Mumbai,Raigad,Un-Aided,Non-Autonomous,Non-Minority,Mumbai University
3154,"Saraswati Education Society's Saraswati College of Engineering,Kharghar Navi Mumbai",Mumbai,Raigad,Un-Aided,Non-Autonomous,Non-Minority,Mumbai University
3147,"Saraswati Education Society, Yadavrao Tasgaonkar  Institute of Engineering & Technology, Karjat",Mumbai,Raigad,Un-Aided,Non-Autonomous,Non-Minority,Mumbai University
3176,"Thakur College of Engineering and Technology, Kandivali, Mumbai",Mumbai,Mumbai Suburban,Un-Aided,Autonomous,Linguistic Minority - Hindi,Mumbai University
3135,"Manjara Charitable Trust's Rajiv Gandhi Institute of Technology, Mumbai",Mumbai,Mumbai Suburban,Un-Aided,Non-Autonomous,Non-Minority,Mumbai University
3175,"M.G.M.'s College of Engineering and Technology, Kamothe, Navi Mumbai",Mumbai,Raigad,Un-Aided,Non-Autonomous,Non-Minority,Mumbai University
3184,"Fr. Conceicao Rodrigues College of Engineering, Bandra,Mumbai",Mumbai,Mumbai Suburban,Un-Aided,Autonomous,Religious Minority - Christian,Mumbai University
3187,"N.Y.S.S.'s Datta Meghe College of Engineering, Airoli, Navi Mumbai",Mumbai,Thane,Un-Aided,Non-Autonomous,Non-Minority,Mumbai University
3182,"Thadomal Shahani Engineering College, Bandra, Mumbai",Mumbai,Mumbai Suburban,Un-Aided,Non-Autonomous,Linguistic Minority - Sindhi,Mumbai University
3183,"Anjuman-I-Islam's M.H. Saboo Siddik College of Engineering, Byculla, Mumbai",Mumbai,Mumbai City,Un-Aided,Non-Autonomous,Religious Minority - Muslim,Mumbai University
3188,"Vasantdada Patil Pratishthan's College Of Engineering and Visual Arts, Sion, Mumbai",Mumbai,Mumbai City,Un-Aided,Non-Autonomous,Non-Minority,Mumbai University
3192,"Smt. Indira Gandhi College of Engineering, Navi Mumbai",Mumbai,Thane,Un-Aided,Non-Autonomous,Non-Minority,Mumbai University
3189,"Bharati Vidyapeeth College of Engineering,  Navi Mumbai",Mumbai,Thane,Un-Aided,Non-Autonomous,Non-Minority,Mumbai University
3185,"Vivekanand Education Society's Institute of Technology, Chembur, Mumbai",Mumbai,Mumbai Suburban,Un-Aided,Autonomous,Linguistic Minority - Sindhi,Mumbai University
3190,"Terna Engineering College, Nerul, Navi Mumbai",Mumbai,Thane,Un-Aided,Non-Autonomous,Non-Minority,Mumbai University
3193,"Shivajirao S. Jondhale College of Engineering, Dombivali,Mumbai",Mumbai,Thane,Un-Aided,Non-Autonomous,Non-Minority,Mumbai University
3197,"Agnel Charities FR. C. Rodrigues Institute of Technology, Vashi, Navi Mumbai",Mumbai,Thane,Un-Aided,Autonomous,Religious Minority - Christian,Mumbai University
3196,"Lokmanya Tilak College of Engineering, Kopar Khairane, Navi Mumbai",Mumbai,Thane,Un-Aided,Non-Autonomous,Linguistic Minority - Hindi,Mumbai University
3194,"Vidyavardhini's College of Engineering and Technology, Vasai",Mumbai,Palghar,Un-Aided,Non-Autonomous,Non-Minority,Mumbai University
3200,"Hope Foundation and research center's  Finolex Academy of Management and Technology, Ratnagiri",Mumbai,Ratnagiri,Un-Aided,Non-Autonomous,Non-Minority,Mumbai University
3198,"Konkan Gyanpeeth College of Engineering, Karjat",Mumbai,Raigad,Un-Aided,Non-Autonomous,Non-Minority,Mumbai University
3203,"Atharva College of Engineering,Malad(West),Mumbai",Mumbai,Mumbai Suburban,Un-Aided,Non-Autonomous,Non-Minority,Mumbai University
3202,Rajendra Mane College of Engineering & Technology  Ambav Deorukh,Mumbai,Ratnagiri,Un-Aided,Non-Autonomous,Non-Minority,Mumbai University
3199,"Shri Vile Parle Kelvani Mandal's Dwarkadas J. Sanghvi College of Engineering, Vile Parle,Mumbai",Mumbai,Mumbai Suburban,Un-Aided,Autonomous,Linguistic Minority - Gujarathi,Mumbai University
3204,"St. Francis Institute of Technology,Borivali, Mumbai",Mumbai,Mumbai Suburban,Un-Aided,Autonomous,Religious Minority - Christian,Mumbai University
3201,"Rizvi Education Society's Rizvi College of Engineering, Bandra,Mumbai",Mumbai,Mumbai Suburban,Un-Aided,Non-Autonomous,Religious Minority - Muslim,Mumbai University
3208,"Don Bosco Institute of Technology, Mumbai",Mumbai,Mumbai Suburban,Un-Aided,Non-Autonomous,Religious Minority - Roman Catholics,Mumbai University
3206,"S.S.P.M.'s College of Engineering, Kankavli",Mumbai,Sindhudurg,Un-Aided,Non-Autonomous,Non-Minority,Mumbai University
3207,"Mahatma Education Society's Pillai College of Engineering, New Panvel",Mumbai,Raigad,Un-Aided,Autonomous,Linguistic Minority - Malyalam,Mumbai University
3209,K J Somaiya Institute of Technology,Mumbai,Mumbai Suburban,Un-Aided,Autonomous,Linguistic Minority - Gujarathi,Mumbai University
3210,"Excelsior Education Society's K.C. College of Engineering and Management Studies and Research, Kopri, Thane (E)",Mumbai,Thane,Un-Aided,Non-Autonomous,Linguistic Minority - Punjabi,Mumbai University
3212,"Watumull Institute of  Engineering & Technology, Ulhasnagar",Mumbai,Thane,Un-Aided,Non-Autonomous,Linguistic Minority - Sindhi,Mumbai University
3214,"Xavier Institute Of Engineering C/O  Xavier Technical Institute,Mahim,Mumbai",Mumbai,Mumbai City,Un-Aided,Non-Autonomous,Religious Minority - Christian,Mumbai University
3211,"S.I.E.S. Graduate School of Technology, Nerul, Navi Mumbai",Mumbai,Thane,Un-Aided,Autonomous,Linguistic Minority - Tamil,Mumbai University
3215,"Bhartiya Vidya Bhavan's Sardar Patel Institute  of Technology , Andheri, Mumbai",Mumbai,Mumbai Suburban,Un-Aided,Autonomous,Non-Minority,Mumbai University
3217,"Vighnaharata Trust's  Shivajirao S. Jondhale College of Engineering & Technology, Shahapur, Asangaon, Dist Thane",Mumbai,Thane,Un-Aided,Non-Autonomous,Non-Minority,Mumbai University
3216,"Gharda Foundation's Gharda Institute of Technology,Khed, Ratnagiri",Mumbai,Ratnagiri,Un-Aided,Non-Autonomous,Non-Minority,Mumbai University
3257,"Vidya Prasarak Mandal's College of Engineering, Thane",Mumbai,Thane,Un-Aided,Non-Autonomous,Non-Minority,Mumbai University
3221,"Vishnu Waman Thakur Charitable Trust's VIVA Institute of Technology, Virar",Mumbai,Palghar,Un-Aided,Non-Autonomous,Non-Minority,Mumbai University
3224,"Leela Education Society, G.V. Acharya Institute of Engineering and Technology, Shelu, Karjat",Mumbai,Raigad,Un-Aided,Non-Autonomous,Non-Minority,Mumbai University
3222,"Haji Jamaluddin Thim Trust's Theem College of Engineering, At. Villege Betegaon, Boisar",Mumbai,Palghar,Un-Aided,Non-Autonomous,Religious Minority - Muslim,Mumbai University
3219,"Koti Vidya Charitable Trust's  Smt. Alamuri Ratnamala Institute of Engineering and Technology,  Sapgaon, Tal. Shahapur",Mumbai,Thane,Un-Aided,Non-Autonomous,Linguistic Minority - Hindi,Mumbai University
3220,Yadavrao Tasgaonkar College of Engineering & Management,Mumbai,Raigad,Un-Aided,Non-Autonomous,Non-Minority,Mumbai University
3218,"Aldel Education Trust's St. John College of Engineering & Management, Vevoor, Palghar",Mumbai,Palghar,Un-Aided,Autonomous,Religious Minority - Christian,Mumbai University
3223,"Mahatma Education Society's Pillai HOC College of Engineering & Technology, Tal. Khalapur. Dist. Raigad",Mumbai,Raigad,Un-Aided,Non-Autonomous,Linguistic Minority - Malyalam,Mumbai University
3440,"Metropolitan Institute of Technology & Management, Sukhalwad, Sindhudurg.",Mumbai,Sindhudurg,Un-Aided,Non-Autonomous,Non-Minority,Mumbai University
3351,"Bharat College of Engineering, Kanhor, Badlapur(W)",Mumbai,Thane,Un-Aided,Non-Autonomous,Non-Minority,Mumbai University
3423,"Shree L.R. Tiwari College of Engineering, Mira Road, Mumbai",Mumbai,Thane,Un-Aided,Non-Autonomous,Linguistic Minority - Hindi,Mumbai University
3277,Pravin Rohidas Patil College of Engineering & Technology,Mumbai,Thane,Un-Aided,Non-Autonomous,Non-Minority,Mumbai University
3436,"B.R. Harne College of Engineering & Technology, Karav, Tal-Ambernath.",Mumbai,Thane,Un-Aided,Non-Autonomous,Non-Minority,Mumbai University
3353,"Dilkap Research Institute Of Engineering and Management Studies, At.Mamdapur, Post- Neral, Tal- Karjat,  Mumbai",Mumbai,Raigad,Un-Aided,Non-Autonomous,Non-Minority,Mumbai University
3439,"Anjuman-I-Islam's Kalsekar Technical Campus, Panvel",Mumbai,Raigad,Un-Aided,Non-Autonomous,Religious Minority - Muslim,Mumbai University
3445,"Vishwatmak Jangli Maharaj Ashram Trust (Kokamthan), Atma Malik Institute Of Technology & Research",Mumbai,Thane,Un-Aided,Non-Autonomous,Non-Minority,Mumbai University
3447,"G.M.Vedak Institute of Technology, Tala, Raigad.",Mumbai,Raigad,Un-Aided,Non-Autonomous,Non-Minority,Mumbai University
3460,"Universal College of Engineering,Kaman Dist. Palghar",Mumbai,Palghar,Un-Aided,Non-Autonomous,Linguistic Minority - Gujarathi,Mumbai University
3470,YASHWANTRAO BHONSALE INSTITUTE OF TECHNOLOGY,Mumbai,Sindhudurg,Un-Aided,Non-Autonomous,Non-Minority,Mumbai University
3462,"VPM's Maharshi Parshuram College of Engineering, Velneshwar, Ratnagiri.",Mumbai,Ratnagiri,Un-Aided,Non-Autonomous,Non-Minority,Mumbai University
3477,"Chhartrapati Shivaji Maharaj Institute of Technology, Shedung, Panvel",Mumbai,Raigad,Un-Aided,Non-Autonomous,Non-Minority,Mumbai University
3465,"Ideal Institute of Technology, Wada, Dist.Thane",Mumbai,Palghar,Un-Aided,Non-Autonomous,Non-Minority,Mumbai University
3467,"Vishwaniketan's Institute of Management Entrepreneurship and Engineering Technology(i MEET), Khalapur Dist Raigad",Mumbai,Raigad,Un-Aided,Non-Autonomous,Non-Minority,Mumbai University
3546,Devi Mahalaxmi College of Engineering and Technology,Mumbai,Thane,Un-Aided,Non-Autonomous,Non-Minority,Mumbai University
3471,"New Horizon Institute of Technology & Management, Thane",Mumbai,Thane,Un-Aided,Non-Autonomous,Non-Minority,Mumbai University
3503,"Indala College Of Engineering, Bapsai Tal.Kalyan",Mumbai,Thane,Un-Aided,Non-Autonomous,Non-Minority,Mumbai University
3475,"A. P. Shah Institute of Technology, Thane",Mumbai,Thane,Un-Aided,Non-Autonomous,Religious Minority - Jain,Mumbai University
4004,"Government College of Engineering, Chandrapur",Nagpur,Chandrapur,Government,Non-Autonomous,Non-Minority,Gondwana University
4104,"Kavi Kulguru Institute of Technology & Science, Ramtek",Nagpur,Nagpur,Un-Aided,Non-Autonomous,Non-Minority,Rashtrasant Tukadoji Maharaj Nagpur University
4025,"Government College of Engineering, Nagpur",Nagpur,Nagpur,Government,Non-Autonomous,Non-Minority,Rashtrasant Tukadoji Maharaj Nagpur University
4118,"Bapurao Deshmukh College of Engineering, Sevagram",Nagpur,Wardha,Un-Aided,Non-Autonomous,Non-Minority,Rashtrasant Tukadoji Maharaj Nagpur University
4123,"Lokmanya Tilak Jankalyan Shikshan Sanstha, Priyadarshani College of Engineering, Nagpur",Nagpur,Nagpur,Un-Aided,Autonomous,Linguistic Minority - Hindi,Rashtrasant Tukadoji Maharaj Nagpur University
4133,"Sanmarg Shikshan Sanstha's Smt. Radhikatai Pandav College of Engineering, Nagpur",Nagpur,Nagpur,Un-Aided,Non-Autonomous,Non-Minority,Rashtrasant Tukadoji Maharaj Nagpur University
4116,"Ankush Shikshan Sanstha's G.H.Raisoni College of Engineering, Nagpur",Nagpur,Nagpur,Un-Aided,Autonomous,Linguistic Minority - Hindi,Rashtrasant Tukadoji Maharaj Nagpur University
4134,"Guru Nanak Institute of Engineering & Technology,Kalmeshwar, Nagpur",Nagpur,Nagpur,Un-Aided,Non-Autonomous,Non-Minority,Rashtrasant Tukadoji Maharaj Nagpur University
4136,"Lokmanya Tilak Jankalyan Shikshan Sastha, Priyadarshini J. L. College Of Engineering, Nagpur",Nagpur,Nagpur,Un-Aided,Autonomous,Linguistic Minority - Hindi,Rashtrasant Tukadoji Maharaj Nagpur University
4137,"Sir Shantilal Badjate Charitable Trust's S. B. Jain Institute of technology, Management & Research, Nagpur",Nagpur,Nagpur,Un-Aided,Autonomous,Linguistic Minority - Hindi,Rashtrasant Tukadoji Maharaj Nagpur University
4135,"Amar Seva Mandal's Shree Govindrao Vanjari College of Engineering &  Technology, Nagpur",Nagpur,Nagpur,Un-Aided,Non-Autonomous,Non-Minority,"Dr. Babasaheb Ambedkar Technological University,Lonere"
4138,"Jaidev Education Society, J D College of Engineering and Management, Nagpur",Nagpur,Nagpur,Un-Aided,Autonomous,Linguistic Minority - Hindi,"Dr. Babasaheb Ambedkar Technological University,Lonere"
4139,"Samridhi Sarwajanik Charitable Trust, Jhulelal Institute of Technology, Nagpur",Nagpur,Nagpur,Un-Aided,Autonomous,Linguistic Minority - Sindhi,Rashtrasant Tukadoji Maharaj Nagpur University
4141,"Shriram Gram Vikas Shikshan Sanstha, Vilasrao Deshmukh College of Engineering and Technology, Nagpur",Nagpur,Nagpur,Un-Aided,Non-Autonomous,Non-Minority,"Dr. Babasaheb Ambedkar Technological University,Lonere"
4147,"K.D.K. College of Engineering, Nagpur",Nagpur,Nagpur,Un-Aided,Autonomous,Non-Minority,Rashtrasant Tukadoji Maharaj Nagpur University
4143,"Sanmarg Shikshan Sanstha, Mandukarrao Pandav College of Engineering, Bhandara",Nagpur,Bhandara,Un-Aided,Non-Autonomous,Non-Minority,Rashtrasant Tukadoji Maharaj Nagpur University
4142,"G H Raisoni College of Engineering & Management, Nagpur",Nagpur,Nagpur,Un-Aided,Autonomous,Linguistic Minority - Hindi,Rashtrasant Tukadoji Maharaj Nagpur University
4172,"Anjuman College of Engineering & Technology, Nagpur",Nagpur,Nagpur,Un-Aided,Non-Autonomous,Religious Minority - Muslim,Rashtrasant Tukadoji Maharaj Nagpur University
4145,"Wainganga College of Engineering and Management, Dongargaon, Nagpur",Nagpur,Nagpur,Un-Aided,Autonomous,Non-Minority,Rashtrasant Tukadoji Maharaj Nagpur University
4144,"Shri. Sai Shikshan Sanstha, Nagpur Institute of Technology, Nagpur",Nagpur,Nagpur,Un-Aided,Non-Autonomous,Non-Minority,Rashtrasant Tukadoji Maharaj Nagpur University
4163,Rajiv Gandhi College of Engineering Research & Technology  Chandrapur,Nagpur,Chandrapur,Un-Aided,Non-Autonomous,Non-Minority,"Dr. Babasaheb Ambedkar Technological University,Lonere"
4167,"Yeshwantrao Chavan College of Engineering,Wanadongri, Nagpur",Nagpur,Nagpur,Un-Aided,Autonomous,Non-Minority,Rashtrasant Tukadoji Maharaj Nagpur University
4151,"Tulsiramji Gaikwad Patil College of Engineering & Technology, Nagpur",Nagpur,Nagpur,Un-Aided,Autonomous,Non-Minority,Rashtrasant Tukadoji Maharaj Nagpur University
4174,"ST. Vincent Pallotti College of Engineering & Technology, Nagpur",Nagpur,Nagpur,Un-Aided,Autonomous,Religious Minority - Christian,Rashtrasant Tukadoji Maharaj Nagpur University
4177,"Priyadarshini Bhagwati  College of Engineering, Harpur Nagar, Umred Road,Nagpur",Nagpur,Nagpur,Un-Aided,Non-Autonomous,Linguistic Minority - Hindi,Rashtrasant Tukadoji Maharaj Nagpur University
4190,"M.D. Yergude Memorial Shikshan Prasarak Mandal's Shri Sai College of Engineering & Technology, Bhadrawati",Nagpur,Chandrapur,Un-Aided,Non-Autonomous,Non-Minority,"Dr. Babasaheb Ambedkar Technological University,Lonere"
4192,"Maitraya Education Society, Nagarjuna Institute of Engineering Technology & Management, Nagpur",Nagpur,Nagpur,Un-Aided,Non-Autonomous,Non-Minority,Rashtrasant Tukadoji Maharaj Nagpur University
4193,"K.D.M. Education Society, Vidharbha Institute of Technology,Umred Road ,Nagpur",Nagpur,Nagpur,Un-Aided,Autonomous,Linguistic Minority - Hindi,"Dr. Babasaheb Ambedkar Technological University,Lonere"
4175,"JMSS Shri Shankarprasad Agnihotri College of Engineering, Wardha",Nagpur,Wardha,Un-Aided,Non-Autonomous,Non-Minority,Rashtrasant Tukadoji Maharaj Nagpur University
4181,"Swaminarayan Siddhanta Institute Of Technology, Nagpur",Nagpur,Nagpur,Un-Aided,Non-Autonomous,Non-Minority,"Dr. Babasaheb Ambedkar Technological University,Lonere"
4188,"Krushi Jivan Vikas Pratishthan, Ballarpur Institute of Technology, Mouza Bamni",Nagpur,Chandrapur,Un-Aided,Non-Autonomous,Non-Minority,"Dr. Babasaheb Ambedkar Technological University,Lonere"
4197,"Jai Mahakali Shikshan Sanstha, Agnihotri College of Engineering, Sindhi(Meghe)",Nagpur,Wardha,Un-Aided,Non-Autonomous,Non-Minority,Rashtrasant Tukadoji Maharaj Nagpur University
4196,"Gurunanak Educational Society's Gurunanak Institute of Technology, Nagpur",Nagpur,Nagpur,Un-Aided,Non-Autonomous,Non-Minority,Rashtrasant Tukadoji Maharaj Nagpur University
5003,"University Institute  of Chemical Technology, North Maharashtra University, Jalgaon",Nashik,Jalgaon,University Department,Non-Autonomous,Non-Minority,"Kavayitri Bahinabai Chaudhari North Maharashtra University, Jalgaon"
4285,"V M Institute of Engineering and Technology, Dongargaon, Nagpur",Nagpur,Nagpur,Un-Aided,Non-Autonomous,Non-Minority,Rashtrasant Tukadoji Maharaj Nagpur University
5004,"Government College of Engineering, Jalgaon",Nashik,Jalgaon,Government,Autonomous,Non-Minority,"Kavayitri Bahinabai Chaudhari North Maharashtra University, Jalgaon"
4648,"R.V. Parankar College of Engineering & Technology, Arvi, Dist Wardha",Nagpur,Wardha,Un-Aided,Non-Autonomous,Non-Minority,Rashtrasant Tukadoji Maharaj Nagpur University
4613,"Suryodaya College of Engineering & Technology, Nagpur",Nagpur,Nagpur,Un-Aided,Autonomous,Non-Minority,Rashtrasant Tukadoji Maharaj Nagpur University
4302,"Gondia Education Society's Manoharbhai Patel Institute Of Engineering & Technology, Shahapur, Bhandara",Nagpur,Bhandara,Un-Aided,Non-Autonomous,Non-Minority,Rashtrasant Tukadoji Maharaj Nagpur University
4304,"Cummins College of Engineering For Women, Sukhali (Gupchup), Tal. Hingna Hingna Nagpur",Nagpur,Nagpur,Un-Aided,Non-Autonomous,Non-Minority,Rashtrasant Tukadoji Maharaj Nagpur University
4679,"Karanjekar College of Engineering & Management, Sakoli",Nagpur,Bhandara,Un-Aided,Non-Autonomous,Non-Minority,"Dr. Babasaheb Ambedkar Technological University,Lonere"
5103,"Shri Shivaji Vidya Prasarak Sanstha's Late Bapusaheb Shivaji Rao Deore College of Engineering,Dhule",Nashik,Dhule,Un-Aided,Non-Autonomous,Non-Minority,"Dr. Babasaheb Ambedkar Technological University,Lonere"
5104,"Shramsadhana Bombay Trust, College of Engineering & Technology, Jalgaon",Nashik,Jalgaon,Un-Aided,Non-Autonomous,Non-Minority,"Kavayitri Bahinabai Chaudhari North Maharashtra University, Jalgaon"
4649,"Bajaj Institute of Technology, Wardha",Nagpur,Wardha,Un-Aided,Non-Autonomous,Linguistic Minority - Hindi,"Dr. Babasaheb Ambedkar Technological University,Lonere"
5109,"Sandip Foundation, Sandip Institute of Technology and Research Centre, Mahiravani, Nashik",Nashik,Nashik,Un-Aided,Autonomous,Non-Minority,Savitribai Phule Pune University
5121,"K. K. Wagh Institute of Engineering Education and Research, Nashik",Nashik,Nashik,Un-Aided,Autonomous,Non-Minority,Savitribai Phule Pune University
5152,"G H Raisoni College of  Engineering and Management, Jalgaon",Nashik,Jalgaon,Un-Aided,Autonomous,Linguistic Minority - Hindi,"Kavayitri Bahinabai Chaudhari North Maharashtra University, Jalgaon"
5108,"Maratha Vidya Prasarak Samaj's Karmaveer Adv. Baburao Ganpatrao Thakare College Of Engineering, Nashik",Nashik,Nashik,Un-Aided,Autonomous,Non-Minority,Savitribai Phule Pune University
5106,"Khandesh College Education Society's College Of Engineering And Management, Jalgaon",Nashik,Jalgaon,Un-Aided,Non-Autonomous,Non-Minority,"Dr. Babasaheb Ambedkar Technological University,Lonere"
5151,"MET Bhujbal Knowledge City MET League's Engineering College, Adgaon, Nashik.",Nashik,Nashik,Un-Aided,Non-Autonomous,Non-Minority,Savitribai Phule Pune University
5125,"Pravara Rural Education Society's Sir Visvesvaraya Institute of Technology, Chincholi Dist. Nashik",Nashik,Nashik,Un-Aided,Non-Autonomous,Non-Minority,Savitribai Phule Pune University
5130,"Brahma Valley College of Engineering & Research, Trimbakeshwar, Nashik",Nashik,Nashik,Un-Aided,Non-Autonomous,Non-Minority,Savitribai Phule Pune University
5124,"Jagadamba Education Soc. Nashik's S.N.D. College of Engineering & Reserch, Babulgaon",Nashik,Nashik,Un-Aided,Non-Autonomous,Non-Minority,Savitribai Phule Pune University
5139,"Pravara Rural College of Engineering, Loni, Pravaranagar, Ahmednagar.",Nashik,Ahmednagar,Un-Aided,Non-Autonomous,Non-Minority,Savitribai Phule Pune University
5164,"P.S.G.V.P. Mandal's D.N. Patel College of Engineering, Shahada, Dist. Nandurbar",Nashik,Nandurbar,Un-Aided,Non-Autonomous,Linguistic Minority - Gujar,"Dr. Babasaheb Ambedkar Technological University,Lonere"
5170,"Hindi Seva Mandal's Shri Sant Gadgebaba College of Engineering & Technology, Bhusawal",Nashik,Jalgaon,Un-Aided,Non-Autonomous,Linguistic Minority - Hindi,"Dr. Babasaheb Ambedkar Technological University,Lonere"
5169,"Nagaon  Education Society's Gangamai College of Engineering, Nagaon, Tal Dist Dhule",Nashik,Dhule,Un-Aided,Non-Autonomous,Non-Minority,"Kavayitri Bahinabai Chaudhari North Maharashtra University, Jalgaon"
5161,"Dr. Vithalrao Vikhe Patil College of Engineering, Ahmednagar",Nashik,Ahmednagar,Un-Aided,Non-Autonomous,Non-Minority,Savitribai Phule Pune University
5172,"R. C. Patel Institute of Technology, Shirpur",Nashik,Dhule,Un-Aided,Autonomous,Linguistic Minority - Gujarathi,"Dr. Babasaheb Ambedkar Technological University,Lonere"
5171,"Godavari Foundation's Godavari College Of Engineering,  Jalgaon",Nashik,Jalgaon,Un-Aided,Non-Autonomous,Non-Minority,"Dr. Babasaheb Ambedkar Technological University,Lonere"
5162,"Amrutvahini Sheti & Shikshan Vikas Sanstha's Amrutvahini College of Engineering, Sangamner",Nashik,Ahmednagar,Un-Aided,Non-Autonomous,Non-Minority,Savitribai Phule Pune University
5160,"Sanjivani Rural Education Society's Sanjivani College of Engineering, Kopargaon",Nashik,Ahmednagar,Un-Aided,Autonomous,Non-Minority,Savitribai Phule Pune University
5168,"T.M.E. Society's J.T.Mahajan College of Engineering, Faizpur",Nashik,Jalgaon,Un-Aided,Non-Autonomous,Non-Minority,"Dr. Babasaheb Ambedkar Technological University,Lonere"
5173,"SNJB's Late Sau. Kantabai Bhavarlalji Jain College of Engineering,  (Jain Gurukul), Neminagar,Chandwad,(Nashik)",Nashik,Nashik,Un-Aided,Autonomous,Religious Minority - Jain,Savitribai Phule Pune University
5177,"Matoshri College of Engineering and Research Centre, Eklahare, Nashik",Nashik,Nashik,Un-Aided,Autonomous,Non-Minority,Savitribai Phule Pune University
5182,"Kalyani Charitable Trust, Late Gambhirrao Natuba Sapkal College of Engineering, Anjaneri, Trimbakeshwar Road, Nashik",Nashik,Nashik,Un-Aided,Non-Autonomous,Non-Minority,Savitribai Phule Pune University
5263,"Matoshri Education Soceity, Matoshri Institute Of Technology, Dhanore, Nashik",Nashik,Nashik,Un-Aided,Non-Autonomous,Non-Minority,"Dr. Babasaheb Ambedkar Technological University,Lonere"
5181,"Gokhale Education Society's, R.H. Sapat College of Engineering, Management Studies and Research, Nashik",Nashik,Nashik,Un-Aided,Non-Autonomous,Non-Minority,Savitribai Phule Pune University
5256,"Matoshri Education Soceity, Matoshri Asarabai Polytechnic,Nashik",Nashik,Nashik,Un-Aided,Non-Autonomous,Non-Minority,"Dr. Babasaheb Ambedkar Technological University,Lonere"
5322,"Jamia Institute Of Engineering And Management Studies, Akkalkuwa",Nashik,Nandurbar,Un-Aided,Non-Autonomous,Religious Minority - Muslim,"Kavayitri Bahinabai Chaudhari North Maharashtra University, Jalgaon"
5179,"Vishwabharati Academy's College of Engineering, Ahmednagar",Nashik,Ahmednagar,Un-Aided,Non-Autonomous,Non-Minority,Savitribai Phule Pune University
5303,"Hon. Shri. Babanrao Pachpute Vichardhara Trust, Group of Institutions (Integrated Campus)-Parikrama, Kashti Shrigondha,",Nashik,Ahmednagar,Un-Aided,Non-Autonomous,Non-Minority,Savitribai Phule Pune University
5184,"Amruta Vaishnavi Education & Welfare Trust's Shatabdi Institute of Engineering & Research, Agaskhind Tal. Sinnar",Nashik,Nashik,Un-Aided,Non-Autonomous,Religious Minority - Christian,Savitribai Phule Pune University
5370,"Kedareshwar Gramin Vikas Pratishthan, Samajbhushan Eknathrao Dhakane  College, of Engineering, Shevgaon",Nashik,Ahmednagar,Un-Aided,Non-Autonomous,Non-Minority,"Dr. Babasaheb Ambedkar Technological University,Lonere"
5380,"Adsul's Technical Campus, Chas Dist. Ahmednagar",Nashik,Ahmednagar,Un-Aided,Non-Autonomous,Non-Minority,Savitribai Phule Pune University
5330,"PUNE VIDYARTHI GRIHAS COLLEGE OF ENGINEERING & SHRIKRUSHNA S. DHAMANKAR INSTITUTE OF MANAGEMENT, NASHIK",Nashik,Nashik,Un-Aided,Non-Autonomous,Non-Minority,Savitribai Phule Pune University
5365,"Vardhaman Education & Welfare Society, Ahinsa Institute of Technology, Post. Dondaicha,  Dhule",Nashik,Dhule,Un-Aided,Non-Autonomous,Religious Minority - Jain,"Dr. Babasaheb Ambedkar Technological University,Lonere"
5331,"Sandip Foundation's, Sandip Institute of Engineering & Management, Nashik",Nashik,Nashik,Un-Aided,Non-Autonomous,Non-Minority,Savitribai Phule Pune University
5390,"K.V.N. Naik S. P. Sansth's Loknete Gopinathji Munde Institute of Engineering Education & Research, Nashik.",Nashik,Nashik,Un-Aided,Non-Autonomous,Non-Minority,Savitribai Phule Pune University
5381,"Shri. Jaykumar Rawal Institute of Technology, Dondaicha.",Nashik,Dhule,Un-Aided,Non-Autonomous,Non-Minority,"Kavayitri Bahinabai Chaudhari North Maharashtra University, Jalgaon"
5382,"Ahmednagar Jilha Maratha Vidya Prasarak Samajache, Shri. Chhatrapati Shivaji Maharaj College of Engineering, Nepti",Nashik,Ahmednagar,Un-Aided,Non-Autonomous,Non-Minority,Savitribai Phule Pune University
5244,"MET's Institute of Technology Polytechnic, Bhujbal Knowledge City, Adgaon Nashik",Nashik,Nashik,Un-Aided,Non-Autonomous,Non-Minority,"Dr. Babasaheb Ambedkar Technological University,Lonere"
5396,"College of Engineering and Technology ,North Maharashtra Knowledge City, Jalgaon",Nashik,Jalgaon,Un-Aided,Non-Autonomous,Non-Minority,"Dr. Babasaheb Ambedkar Technological University,Lonere"
5409,"Rajiv Gandhi College of Engineering, At Post Karjule Hariya Tal.Parner, Dist.Ahmednagar",Nashik,Ahmednagar,Un-Aided,Non-Autonomous,Non-Minority,Savitribai Phule Pune University
5401,"Jawahar Education Society's Institute of Technology, Management & Research, Nashik.",Nashik,Nashik,Un-Aided,Non-Autonomous,Non-Minority,Savitribai Phule Pune University
5411,"Maulana Mukhtar Ahmad Nadvi Technical Campus, Malegaon.",Nashik,Nashik,Un-Aided,Non-Autonomous,Religious Minority - Muslim,Savitribai Phule Pune University
5399,"Sanghavi College of Engineering, Varvandi, Nashik.",Nashik,Nashik,Un-Aided,Non-Autonomous,Non-Minority,Savitribai Phule Pune University
5433,"R.C. Patel College of Engineering and Polytechnic, Shirpur",Nashik,Dhule,Un-Aided,Non-Autonomous,Linguistic Minority - Gujarathi,"Dr. Babasaheb Ambedkar Technological University,Lonere"
5449,"Shri Vile Parle Kelavani Mandal's Institute of Technology, Dhule",Nashik,Dhule,Un-Aided,Non-Autonomous,Linguistic Minority - Gujarathi,"Dr. Babasaheb Ambedkar Technological University,Lonere"
5408,"Vidya Niketan College of Engineering, Bota Sangamner",Nashik,Ahmednagar,Un-Aided,Non-Autonomous,Non-Minority,Savitribai Phule Pune University
5497,"P.G. College of Engineering & Technology, Nandurbar",Nashik,Nandurbar,Un-Aided,Non-Autonomous,Non-Minority,"Dr. Babasaheb Ambedkar Technological University,Lonere"
5418,"Guru Gobind Singh College of Engineering & Research Centre, Nashik.",Nashik,Nashik,Un-Aided,Non-Autonomous,Non-Minority,Savitribai Phule Pune University
5513,"MKD Institute of Technology, Nadurbar",Nashik,Nandurbar,Un-Aided,Non-Autonomous,Non-Minority,"Dr. Babasaheb Ambedkar Technological University,Lonere"
5509,"Shri Swami Samarth Institute of Management and Technology, Malwadi-Bota",Nashik,Ahmednagar,Un-Aided,Non-Autonomous,Non-Minority,"Dr. Babasaheb Ambedkar Technological University,Lonere"
6122,"TSSMS's Pd. Vasantdada Patil Institute of Technology, Bavdhan, Pune",Pune,Pune,Un-Aided,Non-Autonomous,Non-Minority,Savitribai Phule Pune University
6138,"Genba Sopanrao Moze Trust Parvatibai Genba Moze College of Engineering,Wagholi, Pune",Pune,Pune,Un-Aided,Non-Autonomous,Non-Minority,Savitribai Phule Pune University
6005,"Government College of Engineering, Karad",Pune,Satara,Government,Autonomous,Non-Minority,Shivaji University
6004,"Government College of Engineering & Research, Avasari Khurd",Pune,Pune,Government,Non-Autonomous,Non-Minority,Savitribai Phule Pune University
6139,"Progressive Education Society's Modern College of Engineering, Pune",Pune,Pune,Un-Aided,Autonomous,Non-Minority,Savitribai Phule Pune University
6036,"Government College of Engineering, Kolhapur",Pune,Kolhapur,Government,Non-Autonomous,Non-Minority,"Dr. Babasaheb Ambedkar Technological University,Lonere"
6007,"Walchand College of Engineering, Sangli",Pune,Sangli,Government-Aided,Autonomous,Non-Minority,Shivaji University
6028,"Department of Technology, Shivaji University, Kolhapur",Pune,Kolhapur,University Department,Non-Autonomous,Non-Minority,Shivaji University
6141,"Jaywant Shikshan Prasarak Mandal's,Rajarshi Shahu College of Engineering, Tathawade, Pune",Pune,Pune,Un-Aided,Autonomous,Non-Minority,Savitribai Phule Pune University
6144,"Genba Sopanrao Moze College of Engineering, Baner-Balewadi, Pune",Pune,Pune,Un-Aided,Non-Autonomous,Non-Minority,Savitribai Phule Pune University
6145,"JSPM'S Jaywantrao Sawant College of Engineering,Pune",Pune,Pune,Un-Aided,Non-Autonomous,Non-Minority,Savitribai Phule Pune University
6149,"Siddhant College of Engineering, A/p Sudumbare, Tal.Maval, Dist-Pune",Pune,Pune,Un-Aided,Non-Autonomous,Linguistic Minority - Hindi,Savitribai Phule Pune University
6178,"Sinhgad Technical Education Society's Smt. Kashibai Navale College of Engineering,Vadgaon,Pune",Pune,Pune,Un-Aided,Non-Autonomous,Non-Minority,Savitribai Phule Pune University
6175,"Pimpri Chinchwad Education Trust, Pimpri Chinchwad College of Engineering, Pune",Pune,Pune,Un-Aided,Autonomous,Non-Minority,Savitribai Phule Pune University
6146,"MIT Academy of Engineering,Alandi, Pune",Pune,Pune,Un-Aided,Autonomous,Non-Minority,Savitribai Phule Pune University
6156,"Marathwada Mitra Mandal's College of Engineering, Karvenagar, Pune",Pune,Pune,Un-Aided,Autonomous,Non-Minority,Savitribai Phule Pune University
6155,"G.H.Raisoni College of Engineering & Management, Wagholi, Pune",Pune,Pune,Un-Aided,Autonomous,Linguistic Minority - Hindi,Savitribai Phule Pune University
6177,"Sinhgad College of Engineering, Vadgaon (BK), Pune",Pune,Pune,Un-Aided,Non-Autonomous,Non-Minority,Savitribai Phule Pune University
6179,"Indira College of Engineering & Management, Pune",Pune,Pune,Un-Aided,Autonomous,Non-Minority,Savitribai Phule Pune University
6182,"Sinhgad Technical Education Society, Sinhgad Institute of Technology and Science, Narhe (Ambegaon)",Pune,Pune,Un-Aided,Non-Autonomous,Non-Minority,Savitribai Phule Pune University
6183,"Al-Ameen Educational and Medical Foundation, College of Engineering, Koregaon, Bhima",Pune,Pune,Un-Aided,Non-Autonomous,Religious Minority - Muslim,Savitribai Phule Pune University
6184,"K. J.'s Educational Institut Trinity College of Engineering and Research, Pisoli, Haveli",Pune,Pune,Un-Aided,Non-Autonomous,Non-Minority,Savitribai Phule Pune University
6185,Sinhgad Institute of Technology,Pune,Pune,Un-Aided,Non-Autonomous,Non-Minority,Savitribai Phule Pune University
6187,"Sinhgad Academy of Engineering, Kondhwa (BK)  Kondhwa-Saswad Road, Pune",Pune,Pune,Un-Aided,Non-Autonomous,Non-Minority,Savitribai Phule Pune University
6203,"Marathwada Mitra Mandal's Institute of Technology, Lohgaon, Pune",Pune,Pune,Un-Aided,Non-Autonomous,Non-Minority,Savitribai Phule Pune University
6206,"Pune District Education  Association's College of Engineering, Manjari(Bk), Hadapsar, Pune",Pune,Pune,Un-Aided,Non-Autonomous,Non-Minority,Savitribai Phule Pune University
6214,"K. E. Society's Rajarambapu Institute of Technology, Walwa, Sangli",Pune,Sangli,Un-Aided,Autonomous,Non-Minority,Shivaji University
6207,"Dr. D. Y. Patil Unitech Society's Dr. D. Y. Patil  Institute of Technology, Pimpri, Pune",Pune,Pune,Un-Aided,Non-Autonomous,Non-Minority,Savitribai Phule Pune University
6220,"Shri Vithal Education and Research Institute's College of Engineering, Pandharpur",Pune,Solapur,Un-Aided,Autonomous,Non-Minority,Punyashlok Ahilyadevi Holkar Solapur University
6217,"Shri. Balasaheb Mane Shikshan  Prasarak Mandal's, Ashokrao Mane Group of Institutions",Pune,Kolhapur,Un-Aided,Non-Autonomous,Non-Minority,"Dr. Babasaheb Ambedkar Technological University,Lonere"
6219,"KSGBS's Bharat- Ratna Indira Gandhi College of Engineering, Kegaon, Solapur",Pune,Solapur,Un-Aided,Non-Autonomous,Non-Minority,"Dr. Babasaheb Ambedkar Technological University,Lonere"
6222,"Dattajirao Kadam Technical Education Society's Textile & Engineering Institute, Ichalkaranji.",Pune,Kolhapur,Un-Aided,Autonomous,Non-Minority,Shivaji University
6271,Pune Institute of Computer Technology,Pune,Pune,Un-Aided,Autonomous,Non-Minority,Savitribai Phule Pune University
6223,"Pradnya Niketan Education Society's Nagesh Karajagi Orchid College of Engineering & Technology, Solapur",Pune,Solapur,Un-Aided,Autonomous,Non-Minority,"Dr. Babasaheb Ambedkar Technological University,Lonere"
6250,"D.Y. Patil College of Engineering and Technology, Kolhapur",Pune,Kolhapur,Un-Aided,Autonomous,Non-Minority,Shivaji University
6265,"Walchand Institute of Technology, Solapur",Pune,Solapur,Un-Aided,Autonomous,Religious Minority - Jain,Punyashlok Ahilyadevi Holkar Solapur University
6270,"Rayat Shikshan Sanstha's Karmaveer Bhaurao Patil College of Engineering, Satara",Pune,Satara,Un-Aided,Non-Autonomous,Non-Minority,"Dr. Babasaheb Ambedkar Technological University,Lonere"
6272,"Dr. D. Y. Patil Pratishthan's D.Y.Patil College of Engineering Akurdi, Pune",Pune,Pune,Un-Aided,Autonomous,Non-Minority,Savitribai Phule Pune University
6267,"Kolhapur Institute of Technology's College of Engineering(Autonomous), Kolhapur",Pune,Kolhapur,Un-Aided,Autonomous,Non-Minority,Shivaji University
6268,"Tatyasaheb Kore Institute of Engineering and Technology, Warananagar",Pune,Kolhapur,Un-Aided,Autonomous,Non-Minority,Shivaji University
6269,"Shetkari Shikshan Mandal's Pad. Vasantraodada Patil Institute of Technology, Budhgaon, Sangli",Pune,Sangli,Un-Aided,Non-Autonomous,Non-Minority,"Dr. Babasaheb Ambedkar Technological University,Lonere"
6273,"Bansilal Ramnath Agarawal Charitable Trust's Vishwakarma Institute of Technology, Bibwewadi, Pune",Pune,Pune,Un-Aided,Autonomous,Non-Minority,Savitribai Phule Pune University
6284,"Vidya Pratishthan's Kamalnayan Bajaj Institute of Engineering & Technology, Baramati Dist.Pune",Pune,Pune,Un-Aided,Autonomous,Non-Minority,Savitribai Phule Pune University
6278,"All India Shri Shivaji Memorial Society's College of Engineering, Pune",Pune,Pune,Un-Aided,Non-Autonomous,Non-Minority,Savitribai Phule Pune University
6276,"MKSSS's Cummins College of Engineering for Women, Karvenagar,Pune",Pune,Pune,Un-Aided,Autonomous,Non-Minority,Savitribai Phule Pune University
6275,"Shivnagar Vidya Prasarak Mandal's College of Engineering, Malegaon-Baramati",Pune,Pune,Un-Aided,Non-Autonomous,Non-Minority,Savitribai Phule Pune University
6277,"Dr. J. J. Magdum  Charitable Trust's Dr. J.J. Magdum College of Engineering, Jaysingpur",Pune,Kolhapur,Un-Aided,Autonomous,Non-Minority,Shivaji University
6274,"Pune Vidyarthi Griha's College of Engineering and Technology and G K Pate(Wani) Institute of  Management,  Pune",Pune,Pune,Un-Aided,Non-Autonomous,Non-Minority,Savitribai Phule Pune University
6285,"Bharati Vidyapeeth's College of Engineering for Women, Katraj, Dhankawadi, Pune",Pune,Pune,Un-Aided,Non-Autonomous,Non-Minority,Savitribai Phule Pune University
6283,"Annasaheb Dange College of Engineering and Technology, Ashta, Sangli",Pune,Sangli,Un-Aided,Autonomous,Non-Minority,Shivaji University
6282,"All India Shri Shivaji Memorial Society's Institute of Information Technology,Pune",Pune,Pune,Un-Aided,Autonomous,Non-Minority,Savitribai Phule Pune University
6281,"Modern Education Society's Wadia College of Engineering, Pune",Pune,Pune,Un-Aided,Non-Autonomous,Non-Minority,Savitribai Phule Pune University
6288,"Bharati Vidyapeeth's College of Engineering, Kolhapur",Pune,Kolhapur,Un-Aided,Non-Autonomous,Non-Minority,Shivaji University
6293,"Kai Amdar  Bramhadevdada Mane Shikshan & Samajik Prathistan's Bramhadevdada Mane Institute of Technology, Solapur",Pune,Solapur,Un-Aided,Non-Autonomous,Non-Minority,Punyashlok Ahilyadevi Holkar Solapur University
6298,"Zeal Education Society's Zeal College of Engineering & Reserch, Narhe, Pune",Pune,Pune,Un-Aided,Autonomous,Non-Minority,Savitribai Phule Pune University
6303,"Dr. Ashok Gujar Technical Institute's  Dr. Daulatrao Aher College of Engineering, Karad",Pune,Satara,Un-Aided,Non-Autonomous,Non-Minority,Shivaji University
6307,"Dhole Patil Education Society, Dhole Patil College of Engineering, Wagholi, Tal. Haveli",Pune,Pune,Un-Aided,Non-Autonomous,Non-Minority,Savitribai Phule Pune University
6310,"Nutan Maharashtra Vidya Prasarak Mandal, Nutan Maharashtra Institute of Engineering &Technology, Talegaon station, Pune",Pune,Pune,Un-Aided,Non-Autonomous,Non-Minority,Savitribai Phule Pune University
6311,"Jayawant Shikshan Prasarak Mandal, Bhivarabai Sawant Institute of Technology & Research, Wagholi",Pune,Pune,Un-Aided,Non-Autonomous,Non-Minority,Savitribai Phule Pune University
6308,"Shanti Education Society, A.G. Patil Institute of Technology, Soregaon, Solapur(North)",Pune,Solapur,Un-Aided,Non-Autonomous,Non-Minority,"Dr. Babasaheb Ambedkar Technological University,Lonere"
6305,"Late Narayandas Bhawandas Chhabada Institute of Engineering & Technology, Satara",Pune,Satara,Un-Aided,Non-Autonomous,Non-Minority,"Dr. Babasaheb Ambedkar Technological University,Lonere"
6304,"Loknete Hanumantrao Charitable Trust's Adarsh Institute of Technology and Research Centre, Vita,Sangli",Pune,Sangli,Un-Aided,Non-Autonomous,Non-Minority,"Dr. Babasaheb Ambedkar Technological University,Lonere"
6318,"Abhinav Education Society's College of Engineering and Technology (Degree), Wadwadi",Pune,Satara,Un-Aided,Non-Autonomous,Non-Minority,"Dr. Babasaheb Ambedkar Technological University,Lonere"
6313,"Jaywant College of Engineering & Polytechnic , Kille Macchindragad Tal. Walva District- Sangali",Pune,Sangli,Un-Aided,Non-Autonomous,Non-Minority,"Dr. Babasaheb Ambedkar Technological University,Lonere"
6321,"Vidya Vikas Pratishthan Institute of Engineering and Technology, Solapur",Pune,Solapur,Un-Aided,Non-Autonomous,Non-Minority,"Dr. Babasaheb Ambedkar Technological University,Lonere"
6315,Sanjeevan Group of Institutions,Pune,Kolhapur,Un-Aided,Non-Autonomous,Non-Minority,"Dr. Babasaheb Ambedkar Technological University,Lonere"
6320,"K.J.'s Educational Institute's K.J.College of Engineering & Management Research, Pisoli",Pune,Pune,Un-Aided,Non-Autonomous,Non-Minority,Savitribai Phule Pune University
6324,"Rajgad Dnyanpeeth's Shri Chhatrapati Shivajiraje College of Engineering, Bhor",Pune,Pune,Un-Aided,Non-Autonomous,Non-Minority,Savitribai Phule Pune University
6317,"Sharad Institute of Technology College of Engineering, Yadrav(Ichalkaranji)",Pune,Kolhapur,Un-Aided,Autonomous,Non-Minority,"Dr. Babasaheb Ambedkar Technological University,Lonere"
6322,"Shree Gajanan Maharaj Shikshan Prasarak Manda'l Sharadchandra Pawar College of Engineering, Dumbarwadi",Pune,Pune,Un-Aided,Non-Autonomous,Non-Minority,Savitribai Phule Pune University
6319,"Shahajirao Patil Vikas Pratishthan, S.B.Patil College of Engineering, Vangali, Tal. Indapur",Pune,Pune,Un-Aided,Non-Autonomous,Non-Minority,Savitribai Phule Pune University
6325,"Alard  Charitable Trust's Alard College of Engineering and Management, Pune",Pune,Pune,Un-Aided,Non-Autonomous,Linguistic Minority - Hindi,Savitribai Phule Pune University
6326,Karmayogi Institute of Technology,Pune,Solapur,Un-Aided,Non-Autonomous,Non-Minority,"Dr. Babasaheb Ambedkar Technological University,Lonere"
6444,"Shriram Institute Of Engineering & Technology, (Poly), Paniv",Pune,Solapur,Un-Aided,Non-Autonomous,Non-Minority,"Dr. Babasaheb Ambedkar Technological University,Lonere"
6466,"Shree Santkrupa Shikshan Sanstha, Shree Santkrupa Institute Of Engineering & Technology, Karad",Pune,Satara,Un-Aided,Non-Autonomous,Non-Minority,"Dr. Babasaheb Ambedkar Technological University,Lonere"
6402,"NEW INSTITUTE OF TECHNOLOGY,KOLHAPUR",Pune,Kolhapur,Un-Aided,Non-Autonomous,Non-Minority,"Dr. Babasaheb Ambedkar Technological University,Lonere"
6632,Navsahyadri Education Society's Group of Institutions,Pune,Pune,Un-Aided,Non-Autonomous,Non-Minority,Savitribai Phule Pune University
6622,ISBM College Of Engineering Pune,Pune,Pune,Un-Aided,Non-Autonomous,Linguistic Minority - Hindi,Savitribai Phule Pune University
6468,"Swami Vivekananda Shikshan Sanstha, Dr. Bapuji Salunkhe Institute Of Engineering & Technology,Kolhapur",Pune,Kolhapur,Un-Aided,Non-Autonomous,Non-Minority,"Dr. Babasaheb Ambedkar Technological University,Lonere"
6609,"Jaihind College Of Engineering,Kuran",Pune,Pune,Un-Aided,Non-Autonomous,Non-Minority,Savitribai Phule Pune University
6545,"Samarth Education Trust's Arvind Gavali College Of Engineering Panwalewadi, Varye,Satara.",Pune,Satara,Un-Aided,Non-Autonomous,Non-Minority,"Dr. Babasaheb Ambedkar Technological University,Lonere"
6628,"Dattakala Group Of Institutions, Swami - Chincholi Tal. Daund Dist. Pune",Pune,Pune,Un-Aided,Non-Autonomous,Non-Minority,Savitribai Phule Pune University
6634,"KJEI's Trinity Academy of Engineering, Yewalewadi, Pune",Pune,Pune,Un-Aided,Non-Autonomous,Non-Minority,Savitribai Phule Pune University
6643,"S K N Sinhgad College of Engineering, Korti Tal. Pandharpur Dist Solapur",Pune,Solapur,Un-Aided,Non-Autonomous,Non-Minority,Punyashlok Ahilyadevi Holkar Solapur University
6640,"N. B. Navale Sinhgad College of Engineering, Kegaon, solapur",Pune,Solapur,Un-Aided,Non-Autonomous,Non-Minority,Punyashlok Ahilyadevi Holkar Solapur University
6635,Samarth College of Engineering and Management,Pune,Pune,Un-Aided,Non-Autonomous,Non-Minority,Savitribai Phule Pune University
6756,"Fabtech Technical Campus College of Engineering and Research, Sangola",Pune,Solapur,Un-Aided,Non-Autonomous,Non-Minority,"Dr. Babasaheb Ambedkar Technological University,Lonere"
6755,"JSPM Narhe Technical Campus, Pune.",Pune,Pune,Un-Aided,Non-Autonomous,Non-Minority,Savitribai Phule Pune University
6649,"TSSM's Bhivarabai Sawant College of Engineering and Research, Narhe, Pune",Pune,Pune,Un-Aided,Non-Autonomous,Non-Minority,Savitribai Phule Pune University
6714,"APPASAHEB ALIAS SA.RE.PATIL INSTITUTE OF TECHNOLOGY, Dattanagar  Tal-Shirol, Dist Kolhapur",Pune,Kolhapur,Un-Aided,Non-Autonomous,Non-Minority,"Dr. Babasaheb Ambedkar Technological University,Lonere"
6644,"Shri. Ambabai Talim Sanstha's Sanjay Bhokare Group of Institutes, Miraj",Pune,Sangli,Un-Aided,Non-Autonomous,Non-Minority,"Dr. Babasaheb Ambedkar Technological University,Lonere"
6732,"Ajeenkya DY Patil School of Engineering, Lohegaon, Pune",Pune,Pune,Un-Aided,Non-Autonomous,Non-Minority,Savitribai Phule Pune University
6754,"International Institute of Information Technology (IIT), Pune.",Pune,Pune,Un-Aided,Non-Autonomous,Non-Minority,Savitribai Phule Pune University
6759,"Shree Ramchandra College of Engineering, Lonikand,Pune",Pune,Pune,Un-Aided,Non-Autonomous,Non-Minority,Savitribai Phule Pune University
6757,"Yashoda Technical Campus, Wadhe, Satara.",Pune,Satara,Un-Aided,Non-Autonomous,Non-Minority,"Dr. Babasaheb Ambedkar Technological University,Lonere"
6758,"Sahyadri Valley College of Engineering & Technology, Rajuri, Pune.",Pune,Pune,Un-Aided,Non-Autonomous,Non-Minority,Savitribai Phule Pune University
6768,"P.K. Technical Campus, Pune.",Pune,Pune,Un-Aided,Non-Autonomous,Non-Minority,Savitribai Phule Pune University
6766,Phaltan Education Society's College of Engineering Thakurki Tal- Phaltan Dist-Satara,Pune,Satara,Un-Aided,Non-Autonomous,Non-Minority,"Dr. Babasaheb Ambedkar Technological University,Lonere"
6762,"Nanasaheb Mahadik College of Engineering,Walwa, Sangli.",Pune,Sangli,Un-Aided,Non-Autonomous,Non-Minority,"Dr. Babasaheb Ambedkar Technological University,Lonere"
6767,"Suman Ramesh Tulsiani Technical Campus Faculty of Engineering, Kamshet,Pune.",Pune,Pune,Un-Aided,Non-Autonomous,Non-Minority,Savitribai Phule Pune University
6770,"SKN Sinhgad Institute of Technology & Science, Kusgaon(BK),Pune.",Pune,Pune,Un-Aided,Non-Autonomous,Non-Minority,Savitribai Phule Pune University
6769,"Rasiklal M. Dhariwal Sinhgad Technical Institutes Campus, Warje, Pune.",Pune,Pune,Un-Aided,Non-Autonomous,Non-Minority,Savitribai Phule Pune University
6771,"Flora Institute of Technology, Khopi, Near Khed Shivapur Toll Plaza, Pune",Pune,Pune,Un-Aided,Non-Autonomous,Non-Minority,Savitribai Phule Pune University
6772,"NBN Sinhgad Technical Institutes Campus, Pune",Pune,Pune,Un-Aided,Non-Autonomous,Non-Minority,Savitribai Phule Pune University
6781,"Bhagwant Institute of Technology, Barshi",Pune,Solapur,Un-Aided,Non-Autonomous,Non-Minority,"Dr. Babasaheb Ambedkar Technological University,Lonere"
6780,"D.Y.Patil Education Society's,D.Y.Patil Technical Campus, Faculty of Engineering & Faculty of Management,Talsande,Kolhapur.",Pune,Kolhapur,Un-Aided,Autonomous,Non-Minority,Shivaji University
6794,"Anantrao Pawar College of Engineering & Research, Pune",Pune,Pune,Un-Aided,Non-Autonomous,Non-Minority,Savitribai Phule Pune University
6795,"Shri.Someshwar Shikshan Prasarak Mandal, Sharadchandra Pawar College of Engineering & Technology, Someshwar Nagar",Pune,Pune,Un-Aided,Non-Autonomous,Non-Minority,Savitribai Phule Pune University
6782,"Sahakar Maharshee Shankarrao Mohite Patil Institute of Technology & Research, Akluj",Pune,Solapur,Un-Aided,Non-Autonomous,Non-Minority,"Dr. Babasaheb Ambedkar Technological University,Lonere"
6796,"Bharati Vidyapeeth's College of Engineering,Lavale, Pune",Pune,Pune,Un-Aided,Non-Autonomous,Non-Minority,Savitribai Phule Pune University
6803,"Sant Gajanan Maharaj College of Engineering, Gadhinglaj",Pune,Kolhapur,Un-Aided,Non-Autonomous,Non-Minority,Shivaji University
6799,"Shivganga Charitable Trust, Sangli Vishveshwarya Technical Campus, Faculty of Diploma Engineering, Patgaon, Miraj",Pune,Sangli,Un-Aided,Non-Autonomous,Non-Minority,"Dr. Babasaheb Ambedkar Technological University,Lonere"
6797,"Dnyanshree Institute Engineering and Technology, Satara",Pune,Satara,Un-Aided,Non-Autonomous,Non-Minority,"Dr. Babasaheb Ambedkar Technological University,Lonere"
6808,"Keystone School of Engineering, Pune",Pune,Pune,Un-Aided,Non-Autonomous,Non-Minority,Savitribai Phule Pune University
6815,"Vidya Prasarini Sabha's College of Engineering & Technology, Lonavala",Pune,Pune,Un-Aided,Non-Autonomous,Non-Minority,Savitribai Phule Pune University
6811,Sanjay Ghodawat Institute,Pune,Kolhapur,Un-Aided,Non-Autonomous,Non-Minority,"Dr. Babasaheb Ambedkar Technological University,Lonere"
6822,"Pimpri Chinchwad Education Trust's Pimpri Chinchwad College Of Engineering And Research, Ravet",Pune,Pune,Un-Aided,Non-Autonomous,Non-Minority,Savitribai Phule Pune University
6839,"Dr. D Y Patil Pratishthan's College of Engineering, Kolhapur",Pune,Kolhapur,Un-Aided,Non-Autonomous,Non-Minority,Shivaji University
6834,"Dr.D.Y.Patil College Of Engineering & Innovation,Talegaon",Pune,Pune,Un-Aided,Non-Autonomous,Non-Minority,Savitribai Phule Pune University
6878,"Dr. A. D. Shinde College Of Engineering, Tal.Gadhinglaj, Kolhapur",Pune,Kolhapur,Un-Aided,Non-Autonomous,Non-Minority,Shivaji University
16121,"Shri. Anandrao Abitkar College of Engineering, Pal",Pune,Kolhapur,Un-Aided,Non-Autonomous,Non-Minority,"Dr. Babasaheb Ambedkar Technological University,Lonere"
14005,"Laxminarayan Innovation Technological University, Nagpur",Nagpur,Nagpur,University,Autonomous,Non-Minority,Unitary Public University of Government of Maharashtra
6901,"MAEER's MIT College of Railway Engineering and Research, Jamgaon, Barshi",Pune,Solapur,Un-Aided,Non-Autonomous,Non-Minority,Punyashlok Ahilyadevi Holkar Solapur University
6991,"Dr. D.Y. Patil Technical Campus, Varale, Talegaon, Pune",Pune,Pune,Un-Aided,Non-Autonomous,Non-Minority,Savitribai Phule Pune University
6938,Shree Siddheshwar Women's College Of Engineering Solapur.,Pune,Solapur,Un-Aided,Non-Autonomous,Non-Minority,"Dr. Babasaheb Ambedkar Technological University,Lonere"
16006,COEP Technological University,Pune,Pune,University,Autonomous,Non-Minority,Unitary Public University of Government of Maharashtra
16126,"Tatyasaheb Kore Institute of Engineering and Technology, Yelur",Pune,Kolhapur,Un-Aided,Autonomous,Non-Minority,Shivaji University